t,x=0.001,x=0.5,x=1
0.0,-65.0,-65.0,-65.0
0.1,-57.12533392778616,-64.80033571016044,-64.99314203124892
0.2,-53.766049495458105,-64.13315833533356,-64.94115906921648
0.30000000000000004,-51.22273697151877,-63.21750079711179,-64.77550415541985
0.4,-48.95755772785867,-62.205600375731656,-64.46633880165564
0.5,-46.667802230689915,-61.13168998832934,-64.02116220393906
0.6000000000000001,-44.07362714446418,-59.96920326064222,-63.456277522817935
0.7000000000000001,-40.8157700032819,-58.64914258349342,-62.77904311057596
0.8,-36.319580311542126,-57.04810868610044,-61.97887113489701
0.9,-29.547814641376,-54.940791312616376,-61.01786444902187
1.0,-18.64013965196585,-51.88288230822143,-59.81204875038354
1.1,-1.3108826292733813,-46.95803679352637,-58.187416677054316
1.2000000000000002,20.327605601802137,-38.44895328459012,-55.78168558266919
1.3,35.789691478726795,-24.23138919221742,-51.86751479269976
1.4000000000000001,41.06034098021406,-3.978175148363613,-45.11423765942545
1.5,40.69690168338085,17.604059511259535,-33.15363917748372
1.6,37.955284429146374,32.460840570982974,-11.876200953999973
1.7000000000000002,34.062749965262064,38.26140082462882,18.816303829408188
1.8,29.51745604604173,38.25692857753889,38.186286264567606
1.9000000000000001,24.595504506886897,35.596635493909126,41.397215536158086
2.0,19.486259351866405,31.78596943086468,39.83643148522352
2.1,14.326275620678961,27.35424468843064,36.857672757946496
2.2,9.211536756862891,22.541202394927815,33.05248323713718
2.3000000000000003,4.206019994051147,17.510953198181756,28.66682389683053
2.4000000000000004,-0.6511512247386808,12.388311330512463,23.890942206309962
2.5,-5.339515411060365,7.2651692855137275,18.882992197683404
2.6,-9.852172699210612,2.2047253044669133,13.76849014882516
2.7,-14.191882886478453,-2.7536466884890896,8.640805210725748
2.8000000000000003,-18.369421103144614,-7.589495931658932,3.5643881589942112
2.9000000000000004,-22.403319777896456,-12.297251742438174,-1.420549341814424
3.0,-26.322481071466463,-16.88387941662974,-6.293148446540627
3.1,-30.170030594466727,-21.369108671284806,-11.047790693965572
3.2,-34.00706568164327,-25.788909577792783,-15.691609669178632
3.3000000000000003,-37.913768452182495,-30.20224681487614,-20.244708175589793
3.4000000000000004,-41.9831239919989,-34.69962143428856,-24.745116364353947
3.5,-46.29700943115579,-39.408452785624014,-29.257628533814547
3.6,-50.86826341262066,-44.482043255212766,-33.891064773070575
3.7,-55.541709943210655,-50.041649392835076,-38.81605508582361
3.8000000000000003,-59.91776501987956,-56.03064293990992,-44.276051649232066
3.9000000000000004,-63.47355503830757,-62.02006166318202,-50.53643330630368
4.0,-65.90915042059531,-67.24115586614111,-57.63869631343037
4.1000000000000005,-67.32950709147137,-71.06812667530949,-64.8593165706362
4.2,-68.05031460832599,-73.44167652415852,-70.59993435626714
4.3,-68.35672947068944,-74.71749011019365,-73.89431100752829
4.4,-68.43052460051456,-75.31926430225725,-75.34001742272814
4.5,-68.37414721009739,-75.56236648770573,-75.88704962868918
4.6000000000000005,-68.24452107398675,-75.63089896492238,-76.07375768977421
4.7,-68.07359118658388,-75.61727800378729,-76.12143500490096
4.800000000000001,-67.87915315509547,-75.56426852476378,-76.1133929329312
4.9,-67.67092210142351,-75.49103220218727,-76.08109729256932
5.0,-67.45410842717348,-75.40612928136805,-76.03682158109456
5.1000000000000005,-67.23148830229944,-75.31342996106949,-75.98552555238618
5.2,-67.00455552254046,-75.21471575133633,-75.92926388100807
5.300000000000001,-66.77413703171845,-75.11082254871482,-75.86888702112596
5.4,-66.54071556971043,-75.00215011107959,-75.80472581949076
5.5,-66.3045973034094,-74.8888942025588,-75.73687903952383
5.6000000000000005,-66.06599719849535,-74.77115510269292,-75.66533949354681
5.7,-65.82508328226294,-74.64898967676255,-75.59005178940865
5.800000000000001,-65.58199753064665,-74.5224369479974,-75.51093998201539
5.9,-65.33687116125756,-74.39153097371026,-75.42792148270628
6.0,-65.08982978139805,-74.25630753873186,-75.34091446703441
6.1000000000000005,-64.84099729677655,-74.11680768133824,-75.24984209533214
6.2,-64.59049362614606,-73.97307949357194,-75.1546351029121
6.300000000000001,-64.33844049745879,-73.82517896812875,-75.05523349506579
6.4,-64.0849601184183,-73.67317053377397,-74.9515876211764
6.5,-63.83017580678667,-73.51712727258665,-74.8436587504565
6.6000000000000005,-63.57420641098096,-73.35713082290602,-74.7314212064111
6.7,-63.31717302611221,-73.1932711077034,-74.61486257350685
6.800000000000001,-63.05919657746689,-73.02564614921151,-74.49398344470696
6.9,-62.80039770554719,-72.8543618006693,-74.36879753788904
7.0,-62.54088977866766,-72.67953131973557,-74.23933180241187
7.1000000000000005,-62.280787535476506,-72.50127479644331,-74.10562638232574
7.2,-62.0202050289719,-72.31971875301011,-73.9677342957127
7.300000000000001,-61.75925219280357,-72.1349956948427,-73.82572013116008
7.4,-61.49802999590606,-71.94724331633527,-73.67966228258474
7.5,-61.23663869999946,-71.75660381046077,-73.52965340534675
7.6000000000000005,-60.975178233588935,-71.56322364318686,-73.37579809967406
7.7,-60.71373874704559,-71.36725304368083,-73.21821176401198
7.800000000000001,-60.452401270180815,-71.16884479305735,-73.05701961932749
7.9,-60.19124382662297,-70.96815320625296,-72.8923548082833
8.0,-59.930345348662456,-70.76533348594165,-72.72435656957816
8.1,-59.66976624013237,-70.56054150366487,-72.55317602782677
8.200000000000001,-59.40956045613914,-70.35393275500502,-72.37897319923685
8.3,-59.14977596647787,-70.14566144888555,-72.20191375307559
8.4,-58.890462162528976,-69.93587978480124,-72.02216692483289
8.5,-58.631640977802014,-69.72473712867202,-71.83990146987438
8.6,-58.37333250561274,-69.51237848893837,-71.65528582150942
8.700000000000001,-58.115547151982305,-69.29894414706615,-71.46849701817379
8.8,-57.858296006783675,-69.08456956793259,-71.27971456781677
8.9,-57.60155520568307,-68.86938448707468,-71.08911640244892
9.0,-57.345301743429715,-68.65351086881446,-70.89687455901887
9.1,-57.08950151389873,-68.43706248272295,-70.70314883513832
9.200000000000001,-56.8341176181963,-68.22014464745507,-70.50810309148994
9.3,-56.57907150950613,-68.00285383831223,-70.3119026542081
9.4,-56.32428715132771,-67.78527572789068,-70.114706803388
9.5,-56.069675220636526,-67.56748486728686,-69.91666288397994
9.600000000000001,-55.81513991185328,-67.34954464886007,-69.7178955464842
9.700000000000001,-55.56053503759612,-67.13150548725832,-69.51852932869781
9.8,-55.30571699147517,-66.91340329603119,-69.31869032430218
9.9,-55.05052515023413,-66.69525963057012,-69.11849470888747
10.0,-54.79478445070582,-66.4770822782971,-68.91804047317154
10.100000000000001,-54.538261207924144,-66.25886260505115,-68.71739220114584
10.200000000000001,-54.28071682608961,-66.04057204810047,-68.51661274695239
10.3,-54.02189338121572,-65.82216234981716,-68.31576698809444
10.4,-53.76149688320837,-65.60356656930239,-68.11490608007624
10.5,-53.49916481501328,-65.38469700748243,-67.9140558802547
10.600000000000001,-53.23451303945657,-65.16543957153289,-67.71319580325041
10.700000000000001,-52.96713016332112,-64.9456508864877,-67.51230286769784
10.8,-52.696523917316554,-64.72515851052681,-67.31135597748109
10.9,-52.422122903992545,-64.50375799607326,-67.11031460289766
11.0,-52.14329131948039,-64.28120725746561,-66.90910155758256
11.100000000000001,-51.85934319149293,-64.05721980983783,-66.70757350937755
11.200000000000001,-51.56941670480974,-63.83145756297735,-66.5055811691107
11.3,-51.27254747844868,-63.60352251670934,-66.30297163710155
11.4,-50.96763643640454,-63.37295079024253,-66.09955757874616
11.5,-50.65338559684136,-63.13920092875777,-65.8950897001092
11.600000000000001,-50.32823698365385,-62.90163162233918,-65.68921601254861
11.700000000000001,-49.99038344477141,-62.659478392914004,-65.4815624389363
11.8,-49.63767011460978,-62.411836393905695,-65.27172223431648
11.9,-49.26744510272934,-62.15762771189401,-65.05920782852284
12.0,-48.876549237038006,-61.895552189335305,-64.84339397011188
12.100000000000001,-48.461076903944196,-61.624026943326676,-64.6234686517315
12.200000000000001,-48.016175987840846,-61.34111134610369,-64.39853390593707
12.3,-47.5358145334691,-61.04440650473036,-64.16753471862758
12.4,-47.01227567286908,-60.73091303695711,-63.92915573418558
12.5,-46.43572373778871,-60.396826811888324,-63.681658498490044
12.600000000000001,-45.79329185496447,-60.03725838000908,-63.42290841413623
12.700000000000001,-45.06801325455583,-59.64582781354018,-63.15030309756535
12.8,-44.237118501240886,-59.21407441306072,-62.86046980729991
12.9,-43.269510353575015,-58.73056183764275,-62.54883101158053
13.0,-42.121992228703625,-58.17948238512963,-62.20942988323318
13.100000000000001,-40.73351706738926,-57.53849677618277,-61.8342740221281
13.200000000000001,-39.016389347772204,-56.77517109862338,-61.412012699128965
13.3,-36.84321373374187,-55.84105179145864,-60.92665356165385
13.4,-34.02872822359381,-54.661447798109144,-60.354642128134486
13.5,-30.309638852911366,-53.11745683344371,-59.660230987784644
13.600000000000001,-25.33972965564212,-51.014084188699954,-58.78710362461721
13.700000000000001,-18.756804818923726,-48.02490114737527,-57.64311228030754
13.8,-10.443078869193895,-43.60486979353047,-56.071326684960745
13.9,-1.0593051484666747,-36.89228650087395,-53.7950065951368
14.0,7.596976702238926,-26.748560811175288,-50.31195738685707
14.100000000000001,13.410191895511364,-12.407626591903865,-44.6906444399291
14.200000000000001,15.46440986319568,4.69710176530755,-35.17363683305987
14.3,14.313180336538956,19.771698266272633,-18.654121821368005
14.4,11.077896341418908,28.411776480225488,6.881392988979522
14.5,6.730437283178321,30.547400471390123,29.59045349248404
14.600000000000001,1.9097407898905396,28.63056761810508,37.02208101644949
14.700000000000001,-3.0130198767677685,24.812805079818265,36.572107263779834
14.8,-7.83866478501136,20.154315631053993,33.688063140372684
14.9,-12.470944976458854,15.102924062546647,29.723745545058506
15.0,-16.871327069655088,9.888249370951106,25.12028420092606
15.100000000000001,-21.033069207643784,4.650120230771742,20.136987531675434
15.200000000000001,-24.968409761578144,-0.5245399253410212,14.95997310511871
15.3,-28.70356110614265,-5.5857866232099465,9.722709005245981
15.4,-32.276763537011504,-10.510700729073442,4.515798943632479
15.5,-35.73691358667181,-15.297045395179369,-0.6043426763952071
15.600000000000001,-39.140554377202456,-19.960418640489173,-5.607607135259417
15.700000000000001,-42.54499329992977,-24.534891651191874,-10.483832260938614
15.8,-45.995946241058505,-29.076523925888946,-15.238822664669385
15.9,-49.50681495332288,-33.66722270020327,-19.89388719943277
16.0,-53.03052067942615,-38.41302618294173,-24.48983631158443
16.1,-56.43730667509499,-43.424930616190586,-29.097817088391583
16.2,-59.52884155769518,-48.76534053676973,-33.83553974666764
16.3,-62.109331941319375,-54.35412776476298,-38.88623342272601
16.400000000000002,-64.07778115122011,-59.88304650445146,-44.50314433178409
16.5,-65.46167678445634,-64.86246761588839,-50.94058068821616
16.6,-66.37097902135716,-68.85745129240311,-58.17405538260586
16.7,-66.93135804634439,-71.71225748885482,-65.36266635190574
16.8,-67.24572622880325,-73.53879866388935,-70.89596517013513
16.900000000000002,-67.38638736207393,-74.5769389902634,-73.98514422033786
17.0,-67.40256881215959,-75.09248201532279,-75.32640934837673
17.1,-67.33031390683469,-75.30687972598976,-75.83572679702664
17.2,-67.197659340203,-75.36419558427191,-76.01016064082171
17.3,-67.02569110824327,-75.3429000821063,-76.05281196020141
17.400000000000002,-66.82900201005495,-75.28175046547605,-76.04104653924296
17.5,-66.61692423828904,-75.19915431767859,-76.0047030540118
17.6,-66.39510287070367,-75.10381835902423,-75.95572979222972
17.7,-66.16684758455959,-74.99992094386424,-75.89910428400398
17.8,-65.93408139502091,-74.88951560562924,-75.83696436189388
17.900000000000002,-65.69793153984072,-74.77364174051904,-75.7702378526695
18.0,-65.4590800691265,-74.65284470477336,-75.69931532362195
18.1,-65.217960849932,-74.52742486858284,-75.62434054101674
18.2,-64.97487060731298,-74.39755994449746,-75.54534153700104
18.3,-64.73002728853606,-74.26336665054055,-75.46229240793608
18.400000000000002,-64.4836049016469,-74.12493245550858,-75.37514377683992
18.5,-64.23575322610266,-73.9823323851047,-75.28383851085681
18.6,-63.98660898467738,-73.83563810792096,-75.18832023640327
18.7,-63.736298615707454,-73.68492293392661,-75.08853819377393
18.8,-63.48494166662589,-73.5302643800572,-74.9844501125272
18.900000000000002,-63.23265508037392,-73.37174554225822,-74.87602369862971
19.0,-62.979554930876354,-73.20945585929694,-74.76323870767852
19.1,-62.72575223478684,-73.04349151773158,-74.64608815508014
19.200000000000003,-62.47135374238595,-72.87395530415867,-74.52457810022021
19.3,-62.21646517061623,-72.70095640726197,-74.39872776945762
19.400000000000002,-61.9611926893819,-72.524610323911,-74.26856965422333
19.5,-61.70563479555306,-72.3450385684821,-74.13414949164034
19.6,-61.44988554043994,-72.16236794436794,-73.99552602557351
19.700000000000003,-61.19403658599208,-71.97672998931048,-73.8527698945725
19.8,-60.938180634680016,-71.78826058142684,-73.7059646230128
19.900000000000002,-60.68239817330178,-71.5970997684736,-73.55520802906724
20.0,-60.42676527642742,-71.40339090889381,-73.40060989332166
20.1,-60.17135386837431,-71.20727992007535,-73.24229066830529
20.200000000000003,-59.91623746718168,-71.00891472910243,-73.08038043540923
20.3,-59.66147205777257,-70.80844470731594,-72.91501734619493
20.400000000000002,-59.40710994809217,-70.60601942252043,-72.74634527921305
20.5,-59.1531975815785,-70.40178812639442,-72.57451890133702
20.6,-58.899783399557826,-70.19589954517299,-72.39970165143264
20.700000000000003,-58.64689196246814,-69.98850129287418,-72.22206239198876
20.8,-58.39454583452955,-69.77973817937296,-72.04177342325492
20.900000000000002,-58.14275952362529,-69.56975160646671,-71.85900698354033
21.0,-57.891550818145674,-69.35867918617343,-71.67393384159018
21.1,-57.64090653271168,-69.14665423693339,-71.48673243686297
21.200000000000003,-57.390812678677264,-68.93380434381577,-71.2975837238526
21.3,-57.141244977351626,-68.72025072592434,-71.10666692149204
21.400000000000002,-56.89218400031663,-68.50610816671822,-70.91415567221107
21.5,-56.64357210998065,-68.29148438217263,-70.7202114698398
21.6,-56.395350953982266,-68.07647754886472,-70.52499812162628
21.700000000000003,-56.14744909408215,-67.86117633931359,-70.32868099869587
21.8,-55.899801672294195,-67.64566026669864,-70.13141937855363
21.900000000000002,-55.65229696893819,-67.42999956501302,-69.93336131598119
22.0,-55.404820892130125,-67.21425220896496,-69.7346332661534
22.1,-55.15724315535979,-66.99846275452177,-69.53535897076368
22.200000000000003,-54.90943996974252,-66.78266290872821,-69.33566391994653
22.3,-54.66123131312513,-66.5668721973574,-69.13566414782048
22.400000000000002,-54.41242835983866,-66.35109568565983,-68.9354589475345
22.5,-54.16282077835239,-66.1353217464797,-68.73511575875132
22.6,-53.91220279239112,-65.91952066176663,-68.53469665480456
22.700000000000003,-53.66029701540147,-65.7036454118797,-68.33426665013587
22.8,-53.40680599441558,-65.48763001968324,-68.13387819150994
22.900000000000002,-53.15140051719056,-65.27138761064883,-67.933560524308
23.0,-52.893745663892155,-65.05480758561352,-67.73329855024512
23.1,-52.63340599902757,-64.83775304093207,-67.5330699713743
23.200000000000003,-52.36991279244953,-64.62005690715995,-67.33285637374472
23.3,-52.102738910229405,-64.40152207524976,-67.13262158926851
23.400000000000002,-51.83131789385045,-64.18191743064531,-66.9322964037566
23.5,-51.55493729957238,-63.960970766234404,-66.73174907745184
23.6,-51.27281497292178,-63.73835798271798,-66.53083475716112
23.700000000000003,-50.984064281443864,-63.51370032191612,-66.32940864323697
23.8,-50.687648839318456,-63.28655948758002,-66.12729518518572
23.900000000000002,-50.38232726590613,-63.05642298509626,-65.92426457168035
24.0,-50.06667444750115,-62.82268407382369,-65.71998928112666
24.1,-49.7390347380374,-62.58462381392706,-65.51410974258309
24.200000000000003,-49.397363998766195,-62.34139351469155,-65.30624286720301
24.3,-49.03925432974924,-62.09198336222731,-65.09593409861372
24.400000000000002,-48.661817280033986,-61.83518126929559,-64.8826099802811
24.5,-48.261457888721445,-61.56951840293734,-64.66551428559914
24.6,-47.8338071751635,-61.29320018398335,-64.44380091599302
24.700000000000003,-47.37339171027988,-61.00401937977003,-64.21649326573913
24.8,-46.87332509663747,-60.69923073799191,-63.98238867323071
24.900000000000002,-46.3248377973867,-60.37537541712331,-63.73991501202971
25.0,-45.71659361322541,-60.0280390694507,-63.48710052687701
25.1,-45.033762624570585,-59.65150482608472,-63.22158020817382
25.200000000000003,-44.256659724209804,-59.2382588404853,-62.94033972650215
25.3,-43.35869887671257,-58.77825136158742,-62.63932276476714
25.400000000000002,-42.30341556922347,-58.257749445248486,-62.31321320777917
25.5,-41.03998476245114,-57.657600272382886,-61.95503317849798
25.6,-39.49644021779825,-56.950427584277634,-61.55503415688237
25.700000000000003,-37.569629249275046,-56.096022677739114,-61.09950796646693
25.8,-35.111071498646936,-55.03360284146514,-60.56882092320623
25.900000000000002,-31.909734388719126,-53.66839672482579,-59.933501133565215
26.0,-27.68048973585005,-51.84815309544599,-59.14831150891868
26.1,-22.08951326184999,-49.32220346890589,-58.14083409363712
26.200000000000003,-14.89471843081446,-45.67384686986075,-56.79072750674854
26.3,-6.308485561754026,-40.227331426944545,-54.89041831377338
26.400000000000002,2.5255517716585167,-31.993419767847087,-52.07010437051848
26.5,9.653090119549601,-19.92646677226747,-47.65331207273154
26.6,13.504167498105518,-4.096788292195482,-40.37389812958981
26.700000000000003,13.885509833101318,12.393156212353903,-27.86891445573659
26.8,11.642330061569032,24.393645226147207,-6.782849948921724
26.900000000000002,7.8206201469557595,29.553997602025937,19.63658171313876
27.0,3.2218893644343027,29.363214630805885,34.54888716499488
27.1,-1.6510270303037473,26.301413178598242,36.96338533756081
27.200000000000003,-6.5136062697442885,21.96192048863867,34.99057614876648
27.3,-11.219597712904124,17.04457860007883,31.462768356816994
27.400000000000002,-15.703894993490241,11.868336919526604,27.109804391821516
27.5,-19.946139677769906,6.612918011647957,22.26147402156944
27.6,-23.951235836006518,1.3891527844150406,17.139015422830862
27.700000000000003,-27.740668679912794,-3.7369500166240464,11.90153062016194
27.8,-31.34904857601689,-8.731324268821949,6.659502858675776
27.900000000000002,-34.822252132820935,-13.583592016177665,1.4843774939697671
28.0,-38.21481967853403,-18.302498548477676,-3.582719135322306
28.1,-41.584138685860935,-22.91501383085967,-8.523579645501297
28.200000000000003,-44.98034139109018,-27.468647019674155,-13.33763312406197
28.3,-48.428977758902505,-32.03530674087131,-18.039793641917733
28.400000000000002,-51.90588044170465,-36.71213109539301,-22.662447866216812
28.5,-55.31293929653439,-41.60996766730684,-27.263236336367736
28.6,-58.47771347739582,-46.81437507578037,-31.939715686742808
28.700000000000003,-61.203110279277304,-52.30691009852743,-36.84741943755206
28.8,-63.355190385020556,-57.86997013920034,-42.21406861085112
28.900000000000002,-64.9193259389026,-63.07274891122131,-48.31013830562156
29.0,-65.97939113998306,-67.44076145421361,-55.27222107874924
29.1,-66.65532579384853,-70.70920538548866,-62.64071641580371
29.200000000000003,-67.05549358667629,-72.9011134446406,-68.99845352355426
29.3,-67.25992606373215,-74.21435966475282,-73.02318737059872
29.400000000000002,-67.32338894158256,-74.90690403860681,-74.92719706314189
29.5,-67.28504111047359,-75.22045063419725,-75.68315156889166
29.6,-67.17537328206167,-75.32872394284044,-75.95536327307448
29.700000000000003,-67.01815072107635,-75.33281799193739,-76.03712897987803
29.8,-66.83055917912495,-75.28445812664822,-76.0419114410359
29.900000000000002,-66.62399528149359,-75.20857960500307,-76.01316961891918
30.0,-66.40552840153532,-75.11701755371249,-75.96808831587391
30.1,-66.17936557889583,-75.01543881680713,-75.91374492030955
30.200000000000003,-65.9479655437021,-74.90661474313175,-75.85316001126218
30.3,-65.71276618601004,-74.79193880422052,-75.78765011308225
30.400000000000002,-65.47462689721492,-74.6721354942663,-75.71778448209326
30.5,-65.23408257014411,-74.5475980514289,-75.643792192965
30.6,-64.99148742344249,-74.41855334887661,-75.56574320936129
30.700000000000003,-64.74709276829134,-74.28514451467004,-75.48363253760792
30.8,-64.50109150429807,-74.14747328827389,-75.39742109491078
30.900000000000002,-64.2536445444537,-74.00562231391997,-75.30705646262751
31.0,-64.00489488341555,-73.85966715212533,-75.2124839304847
31.1,-63.75497317989197,-73.70968286160439,-75.11365267109653
31.200000000000003,-63.50400090865413,-73.55574748879776,-75.01051934775894
31.3,-63.25209629906689,-73.3979439223966,-74.90305008291412
31.400000000000002,-62.99937578446014,-73.23636095129135,-74.79122225766244
31.5,-62.745951429753696,-73.07109383735153,-74.67502642137201
31.6,-62.491929642379155,-72.90224431395518,-74.55446612922171
31.700000000000003,-62.237416248233295,-72.72992043345768,-74.42955804247951
31.8,-61.982516914387496,-72.55423649846098,-74.30033205755619
31.900000000000002,-61.72733113991034,-72.37531284139916,-74.16683132746078
32.0,-61.47195223830303,-72.19327514612172,-74.02911209709153
32.1,-61.21647208109656,-72.00825387954558,-73.8872428620855
32.2,-60.96098294600836,-71.8203839145977,-73.74130425784112
32.300000000000004,-60.70556653906433,-71.6298042825048,-73.59139144737355
32.4,-60.45029837954522,-71.43665744619493,-73.43761200368407
32.5,-60.19525077622535,-71.24108856905008,-73.28008440518562
32.6,-59.94049733728041,-71.04324494582333,-73.11893699400427
32.7,-59.68609583755042,-70.84327544754126,-72.95430671345368
32.800000000000004,-59.43209821017245,-70.64132931302578,-72.786336295413
32.9,-59.178551233452794,-70.43755556124995,-72.6151780260765
33.0,-58.925504125092985,-70.232102727052,-72.44099403425726
33.1,-58.67298443571588,-70.02511846167096,-72.26395240262032
33.2,-58.42101432097034,-69.81674787192291,-72.08422509517852
33.300000000000004,-58.16960910131319,-69.6071327756217,-71.90198519898239
33.4,-57.91878779839612,-69.39641137578177,-71.71740313187793
33.5,-57.668541540191114,-69.18471771869959,-71.53065591301544
33.6,-57.41885633719811,-68.97218034268329,-71.34192459212014
33.7,-57.169709261820365,-68.758921629859,-71.15138922020968
33.800000000000004,-56.92108292248913,-68.54505761830043,-70.95922551954834
33.9,-56.67292534472081,-68.33069755079704,-70.76559764261492
34.0,-56.42517844834268,-68.11594151388235,-70.57066788558353
34.1,-56.17777316288667,-67.9008801707572,-70.37460232016264
34.2,-55.930647612358726,-67.6855949173932,-70.17756216372825
34.300000000000004,-55.68369861627646,-67.47015829466983,-69.97969894679906
34.4,-55.43681257300636,-67.25463128060885,-69.78114445286364
34.5,-55.18986264711267,-67.03906148333375,-69.58202087119335
34.6,-54.942730055794605,-66.8234835344912,-69.38245481694507
34.7,-54.695245673266925,-66.60792021011842,-69.18256529409356
34.800000000000004,-54.44722235067578,-66.39238036391008,-68.98245675927673
34.9,-54.19845678497347,-66.17685669349272,-68.7822046817617
35.0,-53.948749422911455,-65.96132427337238,-68.58186914757613
35.1,-53.697838245394834,-65.74574075819689,-68.38151669147426
35.2,-53.44543161977721,-65.53004550344441,-68.18120397005278
35.300000000000004,-53.191211852458885,-65.3141577184794,-67.98096764621755
35.4,-52.934855074272505,-65.0979738408658,-67.78080400283442
35.5,-52.67594948795163,-64.88136474607674,-67.58068825263298
35.6,-52.414037637289574,-64.6641722810093,-67.38060442665092
35.7,-52.148611920083354,-64.44620844827934,-67.1805227051039
35.800000000000004,-51.87913381352037,-64.2272529073109,-66.98038490879581
35.9,-51.60492259377266,-64.00704709638366,-66.7800760577758
36.0,-51.32522724467519,-63.785283079773954,-66.57944944592688
36.1,-51.03919570353697,-63.56159916529232,-66.37836567945189
36.2,-50.74585407884212,-63.335576987980424,-66.17666058210649
36.300000000000004,-50.444016071207635,-63.10672910687996,-65.97412339851452
36.4,-50.13232440192947,-62.87448009187941,-65.77045389119922
36.5,-49.809220690524945,-62.63814768226155,-65.5652959061668
36.6,-49.472776037992894,-62.39692699712397,-65.3582818623783
36.7,-49.12071457256381,-62.149863365115216,-65.14898337464071
36.800000000000004,-48.75033573844328,-61.89581391899052,-64.9368701804085
36.9,-48.35827441654738,-61.63339828029363,-64.72123617244499
37.0,-47.94044244201404,-61.36093344862912,-64.50126263431201
37.1,-47.491774182466365,-61.076355627440435,-64.27602729836528
37.2,-47.00587406920684,-60.77710826420102,-64.04440903866998
37.300000000000004,-46.47467873257456,-60.45998317050801,-63.80496683520018
37.4,-45.88776280716975,-60.12090548814241,-63.555841681792614
37.5,-45.23159894563829,-59.75462221074745,-63.2948224259832
37.6,-44.48829110451747,-59.35426515205754,-63.019134570149724
37.7,-43.63381949366797,-58.9107073433254,-62.72509649455387
37.800000000000004,-42.635442787832105,-58.41156531634353,-62.40780660210858
37.9,-41.44777157154974,-57.839692277488666,-62.06091998712594
38.0,-40.00689994150451,-57.17079084449719,-61.675726206678576
38.1,-38.221629920071855,-56.36951502399185,-61.23991712948761
38.2,-35.96082563207347,-55.38296845552892,-60.736159031201936
38.300000000000004,-33.03706044676532,-54.12956009956575,-60.138639244781295
38.400000000000006,-29.191641935696143,-52.47954528724644,-59.40827372159337
38.5,-24.102348170670062,-50.22097041750917,-58.483198762544376
38.6,-17.47331764005807,-47.00203621956205,-57.262020592885555
38.7,-9.313492209324108,-42.24476109414925,-55.57202852038454
38.800000000000004,-0.4144737780704606,-35.06267145566343,-53.10863576270392
38.900000000000006,7.468189282899071,-24.362649917332984,-49.319205512157616
39.0,12.488909648519428,-9.63935972448018,-43.176586176576315
39.1,13.966752075697833,7.159148868344854,-32.746091832846666
39.2,12.485671384772154,21.11330933795057,-14.785172838714132
39.300000000000004,9.092756076978455,28.506949053421646,11.342227326991694
39.400000000000006,4.688962432184261,29.802166017063776,31.454168130735074
39.5,-0.12926917578699193,27.45500103071666,36.90191303787263
39.6,-5.0137112972685,23.426407213029037,35.84651791797055
39.7,-9.778870762276796,18.65096245271691,32.705521590674174
39.800000000000004,-14.337398764304206,13.533311022884748,28.57593418276953
39.900000000000006,-18.656828965668815,8.287160133542145,23.859482934155704
40.0,-22.73514572275351,3.042471306855429,18.804423968896575
40.1,-26.58903969284163,-2.121728511628021,13.588446816242438
40.2,-30.24916870075384,-7.162044505151652,8.336906262419202
40.300000000000004,-33.75815550442244,-12.061111102782585,3.133009409888727
40.400000000000006,-37.16824896852118,-16.821812420710277,-1.9731455212923512
40.5,-40.53666728004525,-21.465201686868504,-6.95663674131837
40.6,-43.91726288667386,-26.031869158295773,-11.811646588881109
40.7,-47.34558871889471,-30.58560701849503,-16.548089823190733
40.800000000000004,-50.815970710808,-35.2158946732924,-21.192231842365256
40.900000000000006,-54.255705441139085,-40.03162990202409,-25.79263330826489
41.0,-57.513648433372225,-45.13268432217233,-30.43187025160895
41.1,-60.39254535763588,-50.54404476832321,-35.24520057576971
41.2,-62.73026545245724,-56.11948141529455,-40.437098485462045
41.300000000000004,-64.47327921393206,-61.48772160156052,-46.273286059117396
41.400000000000006,-65.68007416905732,-66.16079326439592,-52.96797501736932
41.5,-66.46520963267086,-69.78725170956264,-60.31656001050656
41.6,-66.94340638607527,-72.30543852951891,-67.18471045288119
41.7,-67.20370214515427,-73.8720604483509,-72.00905210062884
41.800000000000004,-67.30775661472812,-74.73449556831577,-74.48797086268688
41.900000000000006,-67.29860356875088,-75.1466175867101,-75.5157034177014
42.0,-67.20905738267291,-75.30652277859217,-75.8970894238384
42.1,-67.06500603373122,-75.33652915953077,-76.0219176482012
42.2,-66.88571483620312,-75.30131391111632,-76.04453769950459
42.300000000000004,-66.68430791609646,-75.2324802021284,-76.02385781759502
42.400000000000006,-66.46908344566249,-75.14505799555491,-75.98289934954813
42.5,-66.24503454364223,-75.04621444008842,-75.931025258183
42.6,-66.01509077288296,-74.9394296839701,-75.87219236872232
42.7,-65.78096252264136,-74.82643808554536,-75.80811846634312
42.800000000000004,-65.54366247312,-74.70813163637683,-75.73955208707989
42.900000000000006,-65.30381194623166,-74.58498747605914,-75.66680525651009
43.0,-65.06181318253068,-74.45727503390832,-75.5899872049743
43.1,-64.81794571557104,-74.32515900934968,-75.50911151284242
43.2,-64.5724174206003,-74.18875182903015,-75.42414743228255
43.300000000000004,-64.32539838867406,-74.0481410034092,-75.3350455831125
43.400000000000006,-64.07703619440599,-73.90340379504048,-75.24175142234985
43.5,-63.827465718278255,-73.75461521266303,-75.14421265814957
43.6,-63.57680990915025,-73.6018523453532,-75.04238352778485
43.7,-63.32518867467441,-73.44519659793454,-74.93622725061704
43.800000000000004,-63.07271845458666,-73.28473499041579,-74.82571755891537
43.900000000000006,-62.81951368739488,-73.12056085719956,-74.71084106044687
44.0,-62.56568089901869,-72.95277405123123,-74.59159741923459
44.1,-62.31132714108234,-72.78148075024112,-74.4679993541461
44.2,-62.05655734003135,-72.60679340321028,-74.34007278646764
44.300000000000004,-61.80147444712598,-72.42883057479855,-74.20785690232633
44.400000000000006,-61.54617137711198,-72.24771642752218,-74.07140405702475
44.5,-61.29074171854388,-72.06358002383043,-73.93077926085464
44.6,-61.03527688107783,-71.8765549291538,-73.78605915357208
44.7,-60.779863613513214,-71.68677894164372,-73.63733465534001
44.800000000000004,-60.52457656977026,-71.49439357533635,-73.48470982707047
44.900000000000006,-60.26949028975511,-71.29954322234795,-73.32829999499589
45.0,-60.01467764753437,-71.10237454611011,-73.16823065883783
45.1,-59.760203170539775,-70.90303603236474,-73.00463638950337
45.2,-59.506117336503,-70.70167689360935,-72.83765838841705
45.300000000000004,-59.25246965735794,-70.49844620818139,-72.6674453682581
45.400000000000006,-58.99930883788707,-70.29349264232718,-72.49415705725862
45.5,-58.74667113737832,-70.0869642329736,-72.31796001531991
45.6,-58.494576406615224,-69.87900698739072,-72.13902526400716
45.7,-58.24304308077048,-69.66976369983323,-71.95752612713449
45.800000000000004,-57.992089942960035,-69.45937367425849,-71.77363338894611
45.900000000000006,-57.7417187193872,-69.24797229252448,-71.58752150055625
46.0,-57.49191276454045,-69.03568987525202,-71.39937105584525
46.1,-57.24265290119132,-68.82265068067689,-71.20936278115317
46.2,-56.993921120451304,-68.60897258255653,-71.01767417661088
46.300000000000004,-56.745678818845114,-68.39476707559163,-70.82447357513172
46.400000000000006,-56.49786422793472,-68.18013722327922,-70.62992154775871
46.5,-56.25041376024453,-67.96517642233792,-70.43418419217869
46.6,-56.003263807244544,-67.74996880168624,-70.23742477811507
46.7,-55.756328023252316,-67.53458977967756,-70.03979833376059
46.800000000000004,-55.509488374102084,-67.31910418095546,-69.84144397619339
46.900000000000006,-55.2626264736701,-67.10356362658392,-69.64248318642326
47.0,-55.01561996378369,-66.88800659779743,-69.44304261092235
47.1,-54.76832058211562,-66.67245954591377,-69.24324443043561
47.2,-54.5205379817175,-66.4569359078601,-69.04319832378471
47.300000000000004,-54.2720803554226,-66.24143347088958,-68.84299055122688
47.400000000000006,-54.02274380056282,-66.02593272878524,-68.6426806369036
47.5,-53.77229295399723,-65.81039671585837,-68.44233497125651
47.6,-53.520435854928216,-65.59477065049569,-68.24201442620627
47.7,-53.26686996393975,-65.37898003705466,-68.04176290575269
47.800000000000004,-53.01127022102624,-65.16292864904463,-67.84159171641582
47.900000000000006,-52.753260829155636,-64.94649584270877,-67.64147525714539
48.0,-52.49238930063023,-64.729532497585,-67.4413974040029
48.1,-52.228168704281394,-64.51185996325867,-67.24133435027245
48.2,-51.960071611914685,-64.29326852030586,-67.04123828777867
48.300000000000004,-51.68746623995091,-64.07351244225308,-66.84101537668758
48.400000000000006,-51.40962118076327,-63.85230003481083,-66.64051901228413
48.5,-51.12571178491143,-63.62928646274481,-66.4396112194364
48.6,-50.83482558418289,-63.40407180571277,-66.2381380119739
48.7,-50.535826129173124,-63.17619222442244,-66.03590558076039
48.800000000000004,-50.227422261656876,-62.945101739682926,-65.8326465439241
48.900000000000006,-49.908124713645954,-62.7101530366333,-65.62800958059344
49.0,-49.57612604612676,-62.470581984471515,-65.42163633879687
49.1,-49.22926684084975,-62.22548431098114,-65.21312169407861
49.2,-48.86499521229665,-61.97378049493296,-65.00197279086986
49.300000000000004,-48.48016681178479,-61.71417058098675,-64.78754364566913
49.400000000000006,-48.07093558195577,-61.44507397611645,-64.56903663374037
49.5,-47.63259013810552,-61.1645555502555,-64.34557341470949
49.6,-47.15916961466357,-60.870228124235425,-64.11610461982973
49.7,-46.64320159039685,-60.5591066322637,-63.87930827415139
49.800000000000004,-46.075063652198025,-60.22741587052935,-63.6334450203034
49.900000000000006,-45.442334914360394,-59.8703110593234,-63.37642678345165
50.0,-44.7286299098802,-59.48148652091414,-63.1056842447092
50.1,-43.912088260571046,-59.05260959950236,-62.81786780433385
50.2,-42.9630596781401,-58.57245038317929,-62.50846189465337
50.300000000000004,-41.84065994865718,-58.025558263785946,-62.171642680892624
50.400000000000006,-40.487588086038876,-57.39021010734269,-61.799576188315676
50.5,-38.82238879239804,-56.63507136279228,-61.38118495433846
50.6,-36.72811549465369,-55.71367164446272,-60.900985135031206
50.7,-34.03696984560674,-54.55502004294813,-60.336255719599336
50.800000000000004,-30.513737461172575,-53.047300769637694,-59.65281852655351
50.900000000000006,-25.852365354011607,-51.009266145313404,-58.79728143405067
51.0,-19.730330244564474,-48.14102964712788,-57.68320016462606
51.1,-12.015948149900092,-43.94622396395927,-56.1649809151281
51.2,-3.2036689315025013,-37.63955671896436,-53.988553051139405
51.300000000000004,5.2176633375595785,-28.154432853459234,-50.69673280740164
51.400000000000006,11.279238457938702,-14.644639846309422,-45.44581601212588
51.5,13.85297375992386,1.929894838492916,-36.647827562832546
51.6,13.193935181845426,17.345145457318683,-21.439362890110015
51.7,10.29164771883739,26.93099078048332,2.7947909317723942
51.800000000000004,6.127473138032125,29.90398741416871,26.890269630597977
51.900000000000006,1.3923998145020922,28.436065103080015,36.28108316778723
52.0,-3.4970925357334024,24.793613007934166,36.49833112353789
52.1,-8.312382510261614,20.193544265588045,33.82126935834673
52.2,-12.940888377884916,15.154350846277154,29.944960780396155
52.300000000000004,-17.33638796123622,9.931295323401644,25.381167482477924
52.400000000000006,-21.488951461677782,4.675464239365967,20.41007654861508
52.5,-25.410171229520042,-0.5201971956204909,15.228600503536533
52.6,-29.126666444715735,-5.602360331999797,9.977301848128869
52.7,-32.67756158598782,-10.546303871019985,4.751589831210966
52.800000000000004,-36.11237399931366,-15.34897652107783,-0.3889960846384133
52.900000000000006,-39.48743844999325,-20.025755486149343,-5.41240406572893
53.0,-42.85895340846537,-24.61079715483622,-10.307343103846863
53.1,-46.270222609973196,-29.160237944321487,-15.078988715432914
53.2,-49.73127470217606,-33.75557198510059,-19.748164682243793
53.300000000000004,-53.192894050968825,-38.50129932462677,-24.355260074398274
53.400000000000006,-56.52742808959487,-43.50517485071865,-28.970855195073245
53.5,-59.545131342865865,-48.82513096886324,-33.71137212826344
53.6,-62.06323349333015,-54.37856107408758,-38.75854563524212
53.7,-63.9899763839374,-59.86246266299793,-44.36371077651931
53.800000000000004,-65.35318852930713,-64.80171643552586,-50.7814840811254
53.900000000000006,-66.25692799744141,-68.77551901486781,-57.99706343825531
54.0,-66.82009365312733,-71.63045064609325,-65.19451669770453
54.1,-67.14074564839824,-73.4701683658521,-70.77531892770222
54.2,-67.2883805809077,-74.5242985565486,-73.91809317944421
54.300000000000004,-67.31075478161074,-75.05239640958732,-75.29235300161447
54.400000000000006,-67.24327279207675,-75.27460325290859,-75.81716760153638
54.5,-67.11389525703504,-75.33609933368083,-75.99829955638225
54.6,-66.94395130531764,-75.31674001080779,-76.04377186470917
54.7,-66.74837505918468,-75.25625061475311,-76.0331137180254
54.800000000000004,-66.53680759158516,-75.1736076511204,-75.99708263760988
54.900000000000006,-66.31512483100246,-75.07783340863213,-75.94802851054696
55.0,-66.08679332476368,-74.97327959562138,-75.89111256912244
55.1,-65.8538364701778,-74.86209616084123,-75.82856084677796
55.2,-65.6174439407942,-74.74537737328566,-75.7613457068697
55.300000000000004,-65.37833655534996,-74.62370078328286,-75.68988145192746
55.400000000000006,-65.13697184960019,-74.4973863657923,-75.61432529495517
55.5,-64.89366100127395,-74.36662430716211,-75.53471346347845
55.6,-64.64862971189397,-74.23153965103903,-75.45102550531898
55.7,-64.40205799236998,-74.09222572459146,-75.36321604085136
55.800000000000004,-64.15409887564462,-73.94876193985527,-75.27123116566324
55.900000000000006,-63.90489122329854,-73.80122343730147,-75.17501734069874
56.0,-63.654560610406605,-73.64968637820225,-75.07452645108741
56.1,-63.40322810770306,-73.49423065994732,-74.96971877003588
56.2,-63.15101052819179,-73.33494147317879,-74.86056451476624
56.300000000000004,-62.89802399074326,-73.17191014196469,-74.7470461716202
56.400000000000006,-62.64437641555728,-73.00523452377223,-74.62915937473441
56.5,-62.3901753390633,-72.83501883704268,-74.50691277082272
56.6,-62.13552544869075,-72.66137359009973,-74.38032816792985
56.7,-61.88053200095375,-72.48441547864194,-74.2494406323162
56.800000000000004,-61.62528941889926,-72.3042670214301,-74.11429845212167
56.900000000000006,-61.36989226782103,-72.12105580539144,-73.97496283915913
57.0,-61.114431134993694,-71.93491403698864,-73.8315067034242
57.1,-60.85899669917944,-71.74597819750147,-73.68401636228576
57.2,-60.603664862598784,-71.55438877385981,-73.53259207295662
57.300000000000004,-60.348512037182346,-71.36028931559824,-73.3773457929573
57.400000000000006,-60.09360978750094,-71.16382583235259,-73.21839997087494
57.5,-59.839028275176894,-70.96514630494607,-73.05588650315528
57.6,-59.58481878738318,-70.76439986718297,-72.88994492166528
57.7,-59.33103401248189,-70.5617356756881,-72.72072080663145
57.800000000000004,-59.07772046512452,-70.35730252930995,-72.5483708712949
57.900000000000006,-58.824922001427325,-70.15124872842163,-72.3730598720908
58.0,-58.57265888427581,-69.94372111215367,-72.1949576514684
58.1,-58.32095400543629,-69.73486350021646,-72.014237139157
58.2,-58.06982278555741,-69.52481632623797,-71.83107032056319
58.300000000000004,-57.81927719983396,-69.313716250736,-71.6456291080444
58.400000000000006,-57.56930004364517,-69.1016953557869,-71.45809301472374
58.5,-57.31987800987664,-68.8888798217429,-71.26864313747826
58.6,-57.07098857420782,-68.67538947075334,-71.07745833128568
58.7,-56.822605792897946,-68.46133787792478,-70.88471081913468
58.800000000000004,-56.574667697547305,-68.24683106862277,-70.69056139448058
58.900000000000006,-56.32711738370537,-68.03196537288491,-70.49517499057855
59.0,-56.07988603674841,-67.81682777990389,-70.29871650101015
59.1,-55.83290173652321,-67.60149639462473,-70.10134398884298
59.2,-55.58604773034168,-67.38603971254778,-69.9032030765451
59.300000000000004,-55.339212859017834,-67.17051352179507,-69.70441784081669
59.400000000000006,-55.092269385570575,-66.95496035072071,-69.50511338322723
59.5,-54.84508647816766,-66.73941022325319,-69.30541444063998
59.6,-54.59747813729975,-66.5238809750268,-69.10543526276356
59.7,-54.34925934983343,-66.30837547444295,-68.90527160587222
59.800000000000004,-54.10022230113556,-66.09287975396032,-68.70498731275424
59.900000000000006,-53.85015460970984,-65.87736218537438,-68.50464647167917
60.0,-53.598771738159684,-65.66177380883049,-68.3043133031197
60.1,-53.34577991831341,-65.44604642589536,-68.10403798245765
60.2,-53.090852955163406,-65.23009079468217,-67.90384506578798
60.300000000000004,-52.833647005539305,-65.0137942023212,-67.70371484276042
60.400000000000006,-52.57372057759677,-64.79701681411942,-67.50362802355629
60.5,-52.31060640225857,-64.5795891220667,-67.3035654777692
60.6,-52.04378200316931,-64.36131152678144,-67.10348829451782
60.7,-51.77266488162129,-64.1419503237476,-66.903321272457
60.800000000000004,-51.49654158418048,-63.92122938508434,-66.7029268194675
60.900000000000006,-51.214622002610696,-63.69882057992854,-66.50216413596898
61.0,-50.92602827679992,-63.47434171582152,-66.30088745662856
61.1,-50.62969543943797,-63.24735060140646,-66.09891762674731
61.2,-50.324382038015855,-63.017328882116,-65.89601653263034
61.300000000000004,-50.00865871679322,-62.78366258569939,-65.69184894253355
61.400000000000006,-49.68084356689109,-62.54562569094999,-65.48605946835464
61.5,-49.33887877100283,-62.30236125354441,-65.27826254569642
61.6,-48.98034270592978,-62.052848245648285,-65.06799709540802
61.7,-48.602309905265805,-61.79586183761305,-64.85467476188194
61.800000000000004,-48.201155726260204,-61.52991596963494,-64.63753004735732
61.900000000000006,-47.772476965907494,-61.25319485279631,-64.41571726256684
62.0,-47.31072625917073,-60.96346572530401,-64.18824983630252
62.1,-46.8089529360267,-60.65794775705612,-63.95390640306139
62.2,-46.258281079832464,-60.33313822541074,-63.711081602951516
62.300000000000004,-45.647257912510646,-59.984561631318165,-63.45779243040797
62.400000000000006,-44.96086749590671,-59.606418967006945,-63.19164775511994
62.5,-44.17917499045967,-59.19108547120814,-62.909584305558795
62.6,-43.27526203632987,-58.728352080066884,-62.60747086320602
62.7,-42.21220891993843,-58.20426238703668,-62.27992982915007
62.800000000000004,-40.9385301987867,-57.59933505895367,-61.91987114347252
62.900000000000006,-39.381344348728305,-56.88570091040721,-61.51735433092583
63.0,-37.436237837045454,-56.022389279099194,-61.05845060991875
63.1,-34.95313620772753,-54.94740518782236,-60.523128039619486
63.2,-31.7193579973316,-53.56402570925461,-59.881330227447634
63.300000000000004,-27.449218589746632,-51.716790130842135,-59.08682284231936
63.400000000000006,-21.812715210434167,-49.14974826317141,-58.06554251142806
63.5,-14.58238741280883,-45.437949308625214,-56.69424951721499
63.6,-6.0014115000516615,-39.89442638893716,-54.76012757451615
63.7,2.7541606407655266,-31.521909169052577,-51.883672619560706
63.800000000000004,9.7368628842406,-19.2940564147342,-47.36979102212694
63.900000000000006,13.430656579328678,-3.3752149049733724,-39.91631013765775
64.0,13.6903259076127,12.99533024110861,-27.099163706669316
64.10000000000001,11.372570587699736,24.700267149749493,-5.600192139053142
64.2,7.513188700598711,29.57796725834283,20.650031263591423
64.3,2.900404432777317,29.21397739056883,34.81796653814271
64.4,-1.972584035409973,26.07008438086419,36.899859457866974
64.5,-6.827349499706491,21.69207637640875,34.8231295149605
64.60000000000001,-11.52142751079764,16.75512404698706,31.244436119367613
64.7,-15.991942007652924,11.569694192138869,26.859486718217802
64.8,-20.21989165509775,6.311845026373879,21.991247735950463
64.9,-24.211061310512875,1.09007616626682,16.857910812609305
65.0,-27.987765609618243,-4.031332816327855,11.616207886235133
65.10000000000001,-31.585445606895444,-9.019653471527302,6.374596840987153
65.2,-35.05059818681664,-13.865598423176959,1.2028596125793907
65.3,-38.438035548824594,-18.578918401129208,-3.8591932441528654
65.4,-41.805057672346365,-23.187678862775595,-8.794392125348379
65.5,-45.200747845129825,-27.74072385991334,-13.603026035333905
65.60000000000001,-48.64819863076302,-32.31144494866744,-18.30082903385699
65.7,-52.11952225595448,-36.99817584715562,-22.921495638032145
65.8,-55.51190459583516,-41.911472686191,-27.524433571249347
65.9,-58.650094696513776,-47.13304241447564,-32.209869752072045
66.0,-61.3394228078931,-52.63501181645572,-37.137441789974666
66.10000000000001,-63.452832787056344,-58.186619324674986,-42.538628303976935
66.2,-64.98287353331236,-63.349061382029014,-48.68310238392854
66.3,-66.01683796547249,-67.65506153831008,-55.688629081786935
66.4,-66.67437602810493,-70.85741305614151,-63.04411726444906
66.5,-67.06193577949327,-72.99266995447182,-69.2929112715364
66.60000000000001,-67.25760224826145,-74.26389733536939,-73.17692604661879
66.7,-67.31482355799545,-74.92942300232912,-74.99056960452404
66.8,-67.27206069894753,-75.22781098576202,-75.70613689500543
66.9,-67.1593896979425,-75.32829470124904,-75.96243660285452
67.0,-67.00021166986355,-75.32848229764562,-76.03792610082499
67.10000000000001,-66.8113778685029,-75.27809402974687,-76.04006835531084
67.2,-66.60402144604892,-75.20106701805032,-76.01008662094998
67.3,-66.38503165383653,-75.10876845213765,-75.96432462075313
67.4,-66.15850391995406,-75.00664918675828,-75.90953125114797
67.5,-65.92683187061701,-74.8973802456122,-75.84859307086215
67.60000000000001,-65.69141653050636,-74.7823077853137,-75.78276956726235
67.7,-65.45309721293636,-74.66213363684375,-75.71260482038805
67.8,-65.21239770021913,-74.53724009458294,-75.63831650464613
67.9,-64.96966625811014,-74.40784879019073,-75.559969405563
68.0,-64.72515049087089,-74.27410045421045,-75.47755628916497
68.10000000000001,-64.47904171270466,-74.136095864866,-75.39103728544679
68.2,-64.2314997574407,-73.9939174612021,-75.3003599438745
68.3,-63.98266723567,-73.84764099411134,-75.20546993851558
68.4,-63.73267386986788,-73.69734192739865,-75.10631706952496
68.5,-63.481641215664894,-73.54309879274173,-75.00285877325665
68.60000000000001,-63.22968721504608,-73.38499501708849,-74.89506201273754
68.7,-62.976928417711214,-73.22311994728965,-74.78290518444429
68.8,-62.72347585907174,-73.05756940336596,-74.66637987034899
68.9,-62.469436271700935,-72.88844563565462,-74.54549064698028
69.0,-62.214915119407486,-72.715857196798,-74.4202552045757
69.10000000000001,-61.960018250986145,-72.53991887436818,-74.29070447323167
69.2,-61.70484375305134,-72.36075145472611,-74.15688263300358
69.3,-61.44948536671458,-72.17848100012212,-74.01884693215007
69.4,-61.19403437923872,-71.99323831626211,-73.87666676066027
69.5,-60.938583104119694,-71.80515856706874,-73.7304238476004
69.60000000000001,-60.6832117549252,-71.61438107980703,-73.58021440320388
69.7,-60.427996158669586,-71.42104854244974,-73.42614689362122
69.8,-60.17300802638092,-71.22530625428813,-73.26834060750038
69.9,-59.91832066712841,-71.02730162170201,-73.10692461648736
70.0,-59.663990165362605,-70.82718356077693,-72.94203643845701
70.10000000000001,-59.41006877365542,-70.62510127470266,-72.7738193023042
70.2,-59.156603049523994,-70.42120371839415,-72.60242641083268
70.3,-58.903641560849266,-70.21563937536004,-72.42802045647689
70.4,-58.65120959848091,-70.00855571874737,-72.25076990984121
70.5,-58.399329902170244,-69.80009757756956,-72.07084697378924
70.60000000000001,-58.14801754570237,-69.59040648926435,-71.8884246114369
70.7,-57.89729102650817,-69.37962032197561,-71.7036733852792
70.8,-57.64713858702409,-69.16787278875695,-71.51677089756978
70.9,-57.39754691538639,-68.95529193003213,-71.32789827424365
71.0,-57.14849290748145,-68.74199958788869,-71.13723538950475
71.10000000000001,-56.899958493479176,-68.52811132000673,-70.9449574289805
71.2,-56.651888558921605,-68.31373579922524,-70.75122768718781
71.3,-56.40422599355879,-68.09897238019843,-70.5562090343315
71.4,-56.15690133121267,-67.8839109885462,-70.36006742237142
71.5,-55.909851705305464,-67.66863241410911,-70.16296351212729
71.60000000000001,-55.66296977597188,-67.45320834330596,-69.9650478912534
71.7,-55.41614340533563,-67.23769875224042,-69.76645060115906
71.8,-55.16924521239086,-67.02215033030106,-69.56729434708019
71.9,-54.922155427726715,-66.80659681215803,-69.36770553584813
72.0,-54.674700789495255,-66.59106007204929,-69.16780235755247
72.10000000000001,-54.42669529592296,-66.37554793343641,-68.96768786760629
72.2,-54.17793373988845,-66.16005194359364,-68.76743498011689
72.3,-53.928216440931294,-65.94454582349809,-68.56710449923592
72.4,-53.67727568961353,-65.72898610836988,-68.36676273257771
72.5,-53.42482038239819,-65.5133107078502,-68.16646524537035
72.60000000000001,-53.17053002219847,-65.29743740859686,-67.9662467508896
72.7,-52.91407950977305,-65.08126102857989,-67.76610003574595
72.8,-52.65505035868849,-64.86465046294654,-67.56600128977017
72.9,-52.392984876434404,-64.64744559944064,-67.3659342986525
73.0,-52.12737259420102,-64.42945663638153,-67.1658677080705
73.10000000000001,-51.85766975819589,-64.21046092653158,-66.96574070707737
73.2,-51.58318712256231,-63.99019685123012,-66.76543342824317
73.3,-51.303167853346416,-63.76835308251192,-66.56480029856989
73.4,-51.0167557443647,-63.54456439131579,-66.36370124286657
73.5,-50.72296331758192,-63.318408531507295,-66.16196971500744
73.60000000000001,-50.420595631884844,-63.089393009964844,-65.95939073667034
73.7,-50.10828066855893,-62.856935749232946,-65.75565678211612
73.8,-49.78444163490918,-62.620347167362674,-65.5504120108255
73.9,-49.447129232357284,-62.3788139170647,-65.34328638625186
74.0,-49.09404254932667,-62.13137011821816,-65.13384638553978
74.10000000000001,-48.72244789541677,-61.87685978776182,-64.92155249504901
74.2,-48.328935381222216,-61.61388545695855,-64.70568672668382
74.3,-47.909370532817015,-61.3407419944314,-64.48542694105957
74.4,-47.458607245411365,-61.05533845608435,-64.25984089931072
74.5,-46.97015825125604,-60.75508138956361,-64.0277914359485
74.60000000000001,-46.43583609567249,-60.43671570278122,-63.787810262240704
74.7,-45.84505346571945,-60.09610152319037,-63.53801632304773
74.8,-45.18404337154895,-59.72789861764789,-63.276171171619175
74.9,-44.43458835851876,-59.325118046727454,-62.99945505817765
75.0,-43.572219174816745,-58.878461325197684,-62.704112628557986
75.10000000000001,-42.56353435166227,-58.37529396180212,-62.38516416571931
75.2,-41.36220541112653,-57.79810230978023,-62.03614908875558
75.3,-39.902925426532306,-57.122032324172864,-61.648162316331586
75.4,-38.09244668711369,-56.310860012799154,-61.20863647335577
75.5,-35.796701541054446,-55.3102843437082,-60.699822602154974
75.60000000000001,-32.82429504622636,-54.036391153920526,-60.09524060321826
75.7,-28.912109541555488,-52.355500181033094,-59.354711824396475
75.8,-23.735945422577792,-50.04894302637031,-58.41450059037916
75.9,-17.008658570718612,-46.75365385905616,-57.16989013167959
76.0,-8.77323035256271,-41.874466840292655,-55.44210084572186
76.10000000000001,0.11672202695818212,-34.5056172958159,-52.91523884136778
76.2,7.864528123532265,-23.556821419991167,-49.0153227782836
76.3,12.66783472343056,-8.61340648744082,-42.67385535395687
76.4,13.936014599236763,8.165492709100722,-31.879680057080634
76.5,12.306208620633956,21.775832695350005,-13.337803198922481
76.60000000000001,8.828198861606893,28.737892192677222,12.995420400246527
76.7,4.38490817543946,29.730525939215916,32.16018234906529
76.80000000000001,-0.4450913642639187,27.2329504503579,36.94597812813415
76.9,-5.325884225017426,23.138393966910748,35.68904346492367
77.0,-10.079657110736655,18.332432526742053,32.46716244344173
77.10000000000001,-14.623489999911433,13.201374829454423,28.29123639634645
77.2,-18.927377255116305,7.951930732884817,23.54686206209712
77.30000000000001,-22.990700087885983,2.7102392938051496,18.476838494940967
77.4,-26.831106603437366,-2.447269648267255,13.255225389798426
77.5,-30.480116043074926,-7.479077791114028,8.004460619295326
77.60000000000001,-33.980963179479524,-12.369225931237741,2.805416933367367
77.7,-37.38642094354003,-17.121781235453092,-2.2936211615785993
77.80000000000001,-40.75385538727719,-21.758964138679456,-7.269092759492823
77.9,-44.13643783689201,-26.322733329068008,-12.116242647330695
78.0,-47.56781706222559,-30.878485273302527,-16.84600906572743
78.10000000000001,-51.0388720029456,-35.51726515380758,-21.48573848113955
78.2,-54.47173393249034,-40.348552680325106,-26.085714064549997
78.30000000000001,-57.71084677924528,-45.46983699967606,-30.73152649313763
78.4,-60.55867011516048,-50.8981263528884,-35.56209587318634
78.5,-62.85829813292273,-56.47331504522642,-40.786760360256
78.60000000000001,-64.5641983897257,-61.8113735083157,-46.67308660824948
78.7,-65.7403696160927,-66.42508126915793,-53.42308833116345
78.80000000000001,-66.50272372116585,-69.97951455684341,-60.785907902036804
78.9,-66.9647381236573,-72.43082828224279,-67.56551777464394
79.0,-67.21354663017878,-73.94479322474149,-72.23020801474287
79.10000000000001,-67.30929988492935,-74.77134612388811,-74.58569375396311
79.2,-67.29416887529663,-75.16234890159042,-75.55315732243842
79.30000000000001,-67.20047867230366,-75.31110584248137,-75.91014322302973
79.4,-67.053697061777,-75.33550755087263,-76.02538407143821
79.5,-66.8726757938499,-75.29745399924197,-76.04406619603589
79.60000000000001,-66.67018894959412,-75.22710248154486,-76.02162427206504
79.7,-66.4542822335796,-75.13878858458696,-75.97977345812112
79.80000000000001,-66.22978598685393,-75.03935420307032,-75.92736886973742
79.9,-65.99953197137881,-74.9321266208982,-75.86816094492693
80.0,-65.76517395472077,-74.81876717157085,-75.80377973066062
80.10000000000001,-65.52769282200858,-74.70013223867942,-75.73493488340935
80.2,-65.2876920163716,-74.57668127783434,-75.66192058911683
80.30000000000001,-65.04556393304449,-74.44867483810744,-75.5848377067774
80.4,-64.80158231850432,-74.31627317591601,-75.50369589659694
80.5,-64.55595199748394,-74.17958655729072,-75.41846267732076
80.60000000000001,-64.30884120785765,-74.03870154459128,-75.32908805905876
80.7,-64.0603966250518,-73.8936951057746,-75.23551749547508
80.80000000000001,-63.81075232875866,-73.74464231441287,-75.137699034003
80.9,-63.56003085505083,-73.59162050907638,-75.03558745496085
81.0,-63.30835181543892,-73.43471144478228,-74.92914662360099
81.10000000000001,-63.05583166809354,-73.27400254639637,-74.81835105689736
81.2,-62.802584332312584,-73.10958758469359,-74.70318823558132
81.30000000000001,-62.548716191130346,-72.94156683313767,-74.5836586787831
81.4,-62.294334051908756,-72.77004688135479,-74.4597759698008
81.5,-62.03954315112561,-72.59514059128912,-74.33156690188605
81.60000000000001,-61.78444554583479,-72.41696692310421,-74.19907153123823
81.7,-61.52913424424386,-72.23565037466035,-74.06234307046172
81.80000000000001,-61.273702342969834,-72.05132030900404,-73.92144730709713
81.9,-61.01824161161744,-71.86411057593328,-73.77646172806759
82.0,-60.762837686987886,-71.67415924340864,-73.62747820115452
82.10000000000001,-60.507565303319645,-71.48160804157486,-73.47460156969802
82.2,-60.25249837547703,-71.28660152388989,-73.31794786129184
82.30000000000001,-59.99770991121274,-71.08928649532854,-73.15764320787083
82.4,-59.74326332495261,-70.88981151158048,-72.99382272871021
82.5,-59.48920912846523,-70.6883257981216,-72.82662794550261
82.60000000000001,-59.23559599060521,-70.48497841760233,-72.6562083397613
82.7,-58.98247290073204,-70.2799179970512,-72.48272420344165
82.80000000000001,-58.72987423542618,-70.07329246961136,-72.30634244907436
82.9,-58.47782043932408,-69.86524765323685,-72.12723432084218
83.0,-58.226329060613594,-69.65592612430986,-71.94557314828783
83.10000000000001,-57.975419205978056,-69.44546694514783,-71.76152955610519
83.2,-57.725090118754686,-69.23400523221918,-71.57527858355965
83.30000000000001,-57.47532564879138,-69.02167088713335,-71.38700097104658
83.4,-57.226105708491026,-68.80858775180883,-71.19687731789794
83.5,-56.9774129868248,-68.59487333332288,-71.00508478656796
83.60000000000001,-56.72920535640447,-68.38063866590912,-70.81179083784492
83.7,-56.48142227750981,-68.16598611819802,-70.61715626635889
83.80000000000001,-56.23399859430004,-67.95100854946702,-70.4213472752929
83.9,-55.98687162939298,-67.73578946972405,-70.22452673240065
84.0,-55.73995077254646,-67.52040366891904,-70.02684896951627
84.10000000000001,-55.493119624191344,-67.3049150971556,-69.828451572975
84.2,-55.246257204791405,-67.0893746152307,-69.62945592100861
84.30000000000001,-54.99924241015714,-66.87381980098655,-69.42998881727274
84.4,-54.75192340952538,-66.6582763666691,-69.23017179602476
84.5,-54.50410967981168,-66.44275677419529,-69.03011349254795
84.60000000000001,-54.25560665755203,-66.22725777413974,-68.82989791552961
84.7,-54.00621164219888,-66.01175871726363,-68.62958437792744
84.80000000000001,-53.75568506245885,-65.79622149318915,-68.42923948616296
84.9,-53.50373358565696,-65.58059007174828,-68.22892330673669
85.0,-53.25005183800847,-65.36478871751277,-68.02867830930464
85.10000000000001,-52.994314429912386,-65.14871975670154,-67.82851268857463
85.2,-52.736139414834724,-64.93226056233607,-67.62840055301334
85.30000000000001,-52.475072758558056,-64.71526024330062,-67.42832609454697
85.4,-52.210622834653634,-64.49753825935468,-67.22826432386668
85.5,-51.94226269361111,-64.27888266368579,-67.02816536155058
85.60000000000001,-51.66934835185274,-64.05904519406693,-66.82793102770681
85.7,-51.391143991897366,-63.83773086738055,-66.62741409168503
85.80000000000001,-51.10682090988438,-63.614591375914465,-66.42647666308356
85.9,-50.81545374675885,-63.38922306870837,-66.22496283069015
86.0,-50.515895666045274,-63.16115742774093,-66.02267552138686
86.10000000000001,-50.206841332653234,-62.929842321039615,-65.81934064596027
86.2,-49.88678918338625,-62.69462343926001,-65.61460499199465
86.30000000000001,-49.55390642081019,-62.45472841805622,-65.4081089742297
86.4,-49.20601241206611,-62.20924273244388,-65.19944289259581
86.5,-48.840524935518985,-61.95707429412206,-64.98810668206886
86.60000000000001,-48.45425526325168,-61.69690723593715,-64.77344136395223
86.7,-48.0433082946253,-61.427140258249665,-64.55464502544052
86.80000000000001,-47.60290463797096,-61.145812795661506,-64.33083107715258
86.9,-47.1269959546308,-60.85050380067057,-64.10093600352783
87.0,-46.607998808194495,-60.53818420702009,-63.86361449245637
87.10000000000001,-46.036126208883765,-60.20501922925784,-63.61710143025033
87.2,-45.39874229732031,-59.84608357521753,-63.35928534103495
87.30000000000001,-44.679159740437896,-59.45496145933408,-63.08755702568336
87.4,-43.85510789178294,-59.023163971607545,-62.79850232092816
87.5,-42.896328042355414,-58.53923539820631,-62.48752613600706
87.60000000000001,-41.76105201730198,-57.987393984522015,-62.14870431290733
87.7,-40.39070058853181,-57.34541661302921,-61.77403338144246
87.80000000000001,-38.701928918696645,-56.58118876321967,-61.352191207318604
87.9,-36.57503417197302,-55.6470050486063,-60.86734036541261
88.0,-33.838367447761975,-54.46984415213734,-60.29615680881211
88.10000000000001,-30.251984874368826,-52.93445779407606,-59.60352520827407
88.2,-25.506137511807452,-50.85373604116537,-58.73443082530667
88.30000000000001,-19.28209319709313,-47.917838307085205,-57.599584432932865
88.4,-11.473182151183503,-43.614577745657215,-56.048251734002584
88.5,-2.6312965827476433,-37.137940277005924,-53.81685211069171
88.60000000000001,5.6952897852311235,-27.41174783519286,-50.43017699675674
88.7,11.551402824716615,-13.645262715905274,-45.01006309843223
88.80000000000001,13.897372255425056,3.013251394676044,-35.902606005759246
88.9,13.061944086537126,18.167225097112578,-20.157186762827628
89.0,10.05191087075552,27.304848376926923,4.557870729826917
89.10000000000001,5.833772440974826,29.914116735676608,27.964442468236584
89.2,1.0787969041643628,28.24859011257334,36.46622398323497
89.30000000000001,-3.81119322249899,24.5187366020033,36.381734077751744
89.4,-8.616918969286145,19.879208127851484,33.60025386380958
89.5,-13.231321609787805,14.822055147851565,29.668628880853642
89.60000000000001,-17.61118020776995,9.593094303519466,25.07140517176008
89.7,-21.748348422212363,4.338811894273362,20.081534794349942
89.80000000000001,-25.655500660461414,-0.8508258785016538,14.891857360320925
89.9,-29.360054591894894,-5.924606932435774,9.639741942250422
90.0,-32.90183020590777,-10.859373592888309,4.418018554856626
90.10000000000001,-36.33103296487886,-15.6533161112276,-0.7157717388182154
90.2,-39.70421702917194,-20.322971654250235,-5.731091628975913
90.30000000000001,-43.077177254354055,-24.90380297754489,-10.61780401968187
90.4,-46.491805208534466,-29.453476125460888,-15.382040934478487
90.5,-49.95511910421824,-34.055151454683944,-20.04575082224956
90.60000000000001,-53.413116558500924,-38.81440815116683,-24.650970732202136
90.7,-56.733290031194514,-43.83783337998933,-29.270385143138615
90.80000000000001,-59.723736759144074,-49.17734654018487,-34.0244462588628
90.9,-62.20518237367053,-54.737890847427884,-39.09931124075947
91.0,-64.09364800871401,-60.201901557916706,-44.749896215908386
91.10000000000001,-65.4237127724071,-65.08956723287989,-51.224896043803014
91.2,-66.30207739130915,-68.99270048957567,-58.47537309983644
91.30000000000001,-66.847010999448,-71.77720008690774,-65.61918641876738
91.4,-67.15473569684502,-73.55877373317989,-71.04956669872097
91.5,-67.2930598576912,-74.5713639184921,-74.04835473673278
91.60000000000001,-67.30868825518101,-75.07390210560469,-75.34404617110569
91.7,-67.23645912054602,-75.28222636992055,-75.83585487832065
91.80000000000001,-67.10390492773934,-75.33667867150172,-76.0040319590482
91.9,-66.93192875485298,-75.31378056403568,-76.0442821090407
92.0,-66.73508300542166,-75.2514421012776,-76.03135886049282
92.10000000000001,-66.52272048470593,-75.16775166769547,-75.99423085768716
92.2,-66.30052536904614,-75.07131350032768,-75.94456061518105
92.30000000000001,-66.07184674714725,-74.96628317477806,-75.88723374219175
92.4,-65.83863934611655,-74.85471736158533,-75.82436060409194
92.5,-65.60205386546154,-74.73766506501087,-75.75686288499372
92.60000000000001,-65.3627892465283,-74.61568142660084,-75.68513182992761
92.7,-65.12129086541883,-74.48907516303393,-75.60931386569746
92.80000000000001,-64.8778629989884,-74.35803078723534,-75.52944012895702
92.9,-64.63272736695272,-74.22267052930476,-75.44548783823114
93.0,-64.38606185555321,-74.08308640678446,-75.35741068442097
93.10000000000001,-64.1380182720418,-73.93935733234619,-75.26515457690293
93.2,-63.88873466659569,-73.79155838972098,-75.16866620482179
93.30000000000001,-63.63833597966854,-73.63976591878688,-75.06789792330113
93.4,-63.386943074013864,-73.48406012323407,-74.96281061039394
93.5,-63.13467265826128,-73.32452657115685,-74.85337519089946
93.60000000000001,-62.88164056206127,-73.16125700328884,-74.73957500773433
93.7,-62.627954312810594,-72.99434969349369,-74.62140653230419
93.80000000000001,-62.373721419885854,-72.8239092670009,-74.49887925593598
93.9,-62.11904658457488,-72.65004664009714,-74.37201584042039
94.0,-61.86403464423387,-72.4728788980485,-74.24085220859467
94.10000000000001,-61.608779546970524,-72.29252890664341,-74.1054374959647
94.2,-61.353375730300606,-72.10912455321855,-73.96583371852758
94.30000000000001,-61.09791411135606,-71.92279833304437,-73.82211453221589
94.4,-60.842484472269284,-71.73368701451122,-73.67436721753849
94.5,-60.58716228512615,-71.54193129623522,-73.52269284059582
94.60000000000001,-60.33202379892262,-71.34767490178902,-73.36720406675403
94.7,-60.07714073199023,-71.15106398852627,-73.20802398645537
94.80000000000001,-59.82258230090209,-70.95224664713666,-73.04528506346156
94.9,-59.568399242920954,-70.75137204388732,-72.8791272061719
95.0,-59.3146439342359,-70.54858930262817,-72.70969657571389
95.10000000000001,-59.06136302937813,-70.34404721617068,-72.53715055968478
95.2,-58.80859927827363,-70.1378940270405,-72.36165431048221
95.30000000000001,-58.55637237387562,-69.93027642304203,-72.18337792873861
95.4,-58.30470445141623,-69.72133801197522,-72.0024944581041
95.5,-58.053611558215835,-69.51121898061166,-71.81917564216155
95.60000000000001,-57.803103737162395,-69.30005574690686,-71.63359383169804
95.7,-57.553163715029484,-69.08798001062152,-71.4459288360348
95.80000000000001,-57.30377709207592,-68.87511757134753,-71.25636170107677
95.9,-57.05492221329665,-68.66158784726541,-71.06507102763024
96.0,-56.80657064129984,-68.44750400692782,-70.87222831326713
96.10000000000001,-56.55866004322572,-68.23297143351894,-70.67799409428511
96.2,-56.311132612979684,-68.01808585082968,-70.48253363662018
96.30000000000001,-56.06392002307638,-67.8029336440068,-70.28601154181601
96.4,-55.816948266991886,-67.58759236160317,-70.0885852825874
96.5,-55.570099671662106,-67.37212984121108,-69.89039922079827
96.60000000000001,-55.32326223498106,-67.15660097051145,-69.69157665715038
96.7,-55.07630835363678,-66.94104740311525,-69.49224311821904
96.80000000000001,-54.82910498868048,-66.72549848638903,-69.29252286027307
96.9,-54.58146366223777,-66.5099711821946,-69.09252923336068
97.0,-54.33319935845467,-66.29446723417944,-68.8923561735082
97.10000000000001,-54.08410443697289,-66.07897158596744,-68.6920662649402
97.2,-53.83396201196872,-65.86345149402636,-68.49172419079024
97.30000000000001,-53.582484473806794,-65.64785674293638,-68.2913935638557
97.4,-53.329378548996395,-65.43211787652159,-68.0911233356045
97.5,-53.07431787144968,-65.21614426883608,-67.89093550719348
97.60000000000001,-52.81695205799768,-64.99982159829887,-67.69080864890783
97.7,-52.55683565200944,-64.78300818085401,-67.49072431385748
97.80000000000001,-52.29349954319484,-64.56553254158136,-67.29066251655414
97.9,-52.026418377894714,-64.34719301899493,-67.09058261597121
98.0,-51.75500096730277,-64.12775347502728,-66.89040581571082
98.10000000000001,-51.47852981673619,-63.90693473918065,-66.6899919615826
98.2,-51.19620813528692,-63.68440514509342,-66.489201105484
98.30000000000001,-50.90715123598964,-63.45977884617282,-66.28788597379994
98.4,-50.61027835070618,-63.232609287860704,-66.0858644953658
98.5,-50.30433949021888,-63.00237258073601,-65.88289288529982
98.60000000000001,-49.987893692710855,-62.76844830565908,-65.67863169904695
98.7,-49.65923378040646,-62.53010256545304,-65.4727254150786
98.80000000000001,-49.31628022724939,-62.28646883886027,-65.26478471712751
98.9,-48.95658790127302,-62.03651464228487,-65.05434227853961
99.0,-48.57718354140713,-61.77899975396972,-64.84079853994446
99.10000000000001,-48.17440007603474,-61.5124191480503,-64.62338003892152
99.2,-47.743770846776556,-61.234933320569674,-64.40123521816334
99.30000000000001,-47.27966899124892,-60.94427861320623,-64.17336528218681
99.4,-46.775042134364455,-60.63763371972804,-63.93852950137998
99.5,-46.22085949215421,-60.31144086722557,-63.69509407174926
99.60000000000001,-45.605479876804075,-59.961152145930825,-63.44105506479569
99.7,-44.913618795120456,-59.58086751279947,-63.17398678422348
99.80000000000001,-44.12495968663001,-59.16282252832638,-62.89077052991041
99.9,-43.212047168506,-58.696608113983345,-62.58719576191314
100.0,-42.1371785131352,-58.167973227832604,-62.25779803625947
